{"cameraMode":{"drawMode":0,"name":"Shaded","section":"Shading Mode"},"sceneLighting":true,"audioPlay":false,"sceneViewState":{"showFog":true,"showMaterialUpdate":false,"showSkybox":true,"showFlares":true,"showImageEffects":true,"showParticleSystems":true},"in2DMode":false,"pivot":{"x":-7.106625556945801,"y":-2.2920570373535158,"z":0.0},"rotation":{"x":0.03775707259774208,"y":0.04794307425618172,"z":-0.0018139827298000455,"w":0.9981353282928467},"size":41.30405807495117,"orthographic":false}